,l1_ratio,lambda,explored_lambdas,latex
"1h_(1, 1)",0.9999999999999999,5.9229621967271955,"[[5.92296220e+04 5.52377437e+04 5.15149046e+04 ... 6.80996722e+01
  6.35099822e+01 5.92296220e+01]
 [4.55612477e+04 4.24905721e+04 3.96268497e+04 ... 5.23843632e+01
  4.88538325e+01 4.55612477e+01]
 [3.70185137e+04 3.45235898e+04 3.21968154e+04 ... 4.25622951e+01
  3.96937389e+01 3.70185137e+01]
 ...
 [6.30102361e+03 5.87635571e+03 5.48030900e+03 ... 7.24464598e+00
  6.75638109e+00 6.30102361e+00]
 [6.10614659e+03 5.69461275e+03 5.31081491e+03 ... 7.02058476e+00
  6.54742085e+00 6.10614659e+00]
 [5.92296220e+03 5.52377437e+03 5.15149046e+03 ... 6.80996722e+00
  6.35099822e+00 5.92296220e+00]]",V_{t} = - 0.016243898696867 BN_{t-36} - 0.0646462604166396 BN_{t-37} - 0.0483703223645411 BN_{t-38} - 0.0110390881354345 BN_{t-39} + 0.176746657559916 BT_{t-24} + 2.25798868044222 N_{t-24} + 0.0477122937811477 N_{t-25} + 0.380857537859554 N_{t-26} + 0.331303702617073 N_{t-27} + 0.284218244472837 N_{t-28} + 0.106150953194253 N_{t-29} + 0.177510130467602 N_{t-30} + 0.177138602897249 N_{t-31} + 0.0387123334081256 N_{t-32} + 0.155776542003581 N_{t-33} + 0.0511065020232521 N_{t-34} + 0.0184439754450597 N_{t-35} + 0.0294225524809569 N_{t-40} + 0.0113444097413709 N_{t-43} + 0.0249718881295494 N_{t-44} + 0.012244043077206 N_{t-45} + 0.00474315672097271 N_{t-46} + 0.0448161848328507 N_{t-47} + 0.00842392948593645 N_{t-48} - 0.327136032684471 N_{t-599} + 0.830328793219554 V_{t-24} - 0.00276705889619744 V_{t-28} - 0.0205482610112433 V_{t-29} - 0.0153886910005083 V_{t-30} - 0.00122021272864563 V_{t-31} - 0.000370400951477694 V_{t-33} - 0.0115645542641034 V_{t-34} - 0.00226421124777236 V_{t-35} - 0.00573691891133646 V_{t-36} - 0.00362769803881625 V_{t-37} - 0.00379014237543629 V_{t-45} - 0.00363607796568209 V_{t-46} - 0.0183965030642611 V_{t-48} - 0.0547323151124919 V_{t-576} + 0.00136364263403515 V_{t-584} + 0.13117035015094 V_{t-599} + 52.4623958479198
"1h_(1, 2)",0.9999999999999999,9.209974938513104,"[[3.46749644e+04 3.23379879e+04 3.01585157e+04 ... 3.98677829e+01
  3.71808278e+01 3.46749644e+01]
 [2.66730496e+04 2.48753753e+04 2.31988583e+04 ... 3.06675253e+01
  2.86006368e+01 2.66730496e+01]
 [2.16718528e+04 2.02112424e+04 1.88490723e+04 ... 2.49173643e+01
  2.32380174e+01 2.16718528e+01]
 ...
 [3.68882600e+03 3.44021148e+03 3.20835274e+03 ... 4.24125350e+00
  3.95540721e+00 3.68882600e+00]
 [3.57473860e+03 3.33381318e+03 3.10912533e+03 ... 4.11008071e+00
  3.83307503e+00 3.57473860e+00]
 [3.46749644e+03 3.23379879e+03 3.01585157e+03 ... 3.98677829e+00
  3.71808278e+00 3.46749644e+00]]",V_{t} = 2.31325897603901 N_{t-48} + 0.37197882098974 N_{t-50} + 0.182570913667 N_{t-51} + 0.233304941656183 N_{t-52} + 0.110341152475259 N_{t-53} + 0.190709948788882 N_{t-54} + 0.123080200679102 N_{t-55} + 0.110242455869667 N_{t-56} + 0.11443723177081 N_{t-57} + 0.0661792068621697 N_{t-58} + 0.0307700720833426 N_{t-59} - 0.550998969851785 N_{t-599} + 0.00923864247172807 N_{t-60} + 0.0417394575301531 N_{t-61} + 0.00101513320090917 N_{t-63} + 0.0989165569983541 N_{t-64} + 0.0568358029260485 N_{t-65} + 0.060453774725324 N_{t-66} + 0.0802698885626211 N_{t-67} + 0.120352043773817 N_{t-68} + 0.0842926374373262 N_{t-69} + 0.040128347426885 N_{t-70} + 0.0386023792102808 N_{t-71} + 0.511283801494938 V_{t-48} - 0.00322288687633006 V_{t-53} - 0.00855774191306673 V_{t-54} - 0.0843452537316783 V_{t-576} - 0.00406730775062558 V_{t-578} - 0.00568762568838813 V_{t-579} - 0.000223504735709952 V_{t-588} - 0.00641629052724998 V_{t-590} - 0.00610413296354065 V_{t-591} - 0.00367363079825549 V_{t-592} - 0.00187257001626707 V_{t-593} + 0.222637317790254 V_{t-599} - 0.00357086905625618 V_{t-68} - 0.0179451540564089 V_{t-69} - 0.00921861763915685 V_{t-70} - 0.0131177295787614 V_{t-72} + 157.514853553332
"1h_(1, 3)",0.9999999999999999,13.011891572691233,"[[1.72009549e+04 1.60416681e+04 1.49605134e+04 ... 1.97769182e+01
  1.84440201e+01 1.72009549e+01]
 [1.32315038e+04 1.23397447e+04 1.15080872e+04 ... 1.52130140e+01
  1.41877078e+01 1.32315038e+01]
 [1.07505968e+04 1.00260426e+04 9.35032085e+03 ... 1.23605739e+01
  1.15275126e+01 1.07505968e+01]
 ...
 [1.82988882e+03 1.70656044e+03 1.59154397e+03 ... 2.10392747e+00
  1.96212980e+00 1.82988882e+00]
 [1.77329432e+03 1.65378022e+03 1.54232096e+03 ... 2.03885755e+00
  1.90144537e+00 1.77329432e+00]
 [1.72009549e+03 1.60416681e+03 1.49605134e+03 ... 1.97769182e+00
  1.84440201e+00 1.72009549e+00]]",V_{t} = - 0.521381826186646 N_{t-599} + 1.91095441559755 N_{t-72} + 0.180811351465278 N_{t-74} + 0.142471768977224 N_{t-75} + 0.130681615949867 N_{t-76} + 0.0135786357290265 N_{t-77} + 0.102665130660204 N_{t-78} + 0.141665765348597 N_{t-79} + 0.0331110293260646 N_{t-80} + 0.168500929647101 N_{t-81} + 0.090950973767177 N_{t-82} + 0.0616209484762331 N_{t-83} + 0.0992554642831619 N_{t-84} + 0.0423091661229819 N_{t-85} + 0.0313476509523807 N_{t-86} + 0.0107862403834776 N_{t-87} + 0.121671470415772 N_{t-88} + 0.0808787064439342 N_{t-89} + 0.0462049306004302 N_{t-90} + 0.0757636848689375 N_{t-92} + 0.0685674903178972 N_{t-93} + 0.0305251558654064 N_{t-94} + 0.0618676685977913 N_{t-95} + 0.0201236543132316 N_{t-96} - 0.0787581286568069 V_{t-576} - 0.00840996747685822 V_{t-578} - 0.00458885705429714 V_{t-579} - 0.00161356458253763 V_{t-587} - 0.00150043103954192 V_{t-588} - 0.0028460064922668 V_{t-589} - 0.00821606581171532 V_{t-590} - 0.00614653067415374 V_{t-591} - 0.00382852969302304 V_{t-592} - 0.00965474313519599 V_{t-593} + 0.245495422935606 V_{t-599} + 0.262984240735304 V_{t-72} - 0.0032431119292635 V_{t-77} - 0.00191962454413496 V_{t-78} - 0.0115036611340259 V_{t-79} - 0.00172076353800063 V_{t-80} - 0.00407919251623767 V_{t-81} + 0.0106529871549513 V_{t-96} + 243.62337878387
"1h_(1, 4)",0.9999999999999999,12.374555100128415,"[[1.42277313e+04 1.32688298e+04 1.23745551e+04 ... 1.63584336e+01
  1.52559299e+01 1.42277313e+01]
 [1.09444087e+04 1.02067922e+04 9.51888854e+03 ... 1.25834104e+01
  1.17353307e+01 1.09444087e+01]
 [8.89233206e+03 8.29301864e+03 7.73409694e+03 ... 1.02240210e+01
  9.53495619e+00 8.89233206e+00]
 ...
 [1.51358844e+03 1.41157764e+03 1.31644203e+03 ... 1.74025889e+00
  1.62297127e+00 1.51358844e+00]
 [1.46677642e+03 1.36792060e+03 1.27572733e+03 ... 1.68643645e+00
  1.57277628e+00 1.46677642e+00]
 [1.42277313e+03 1.32688298e+03 1.23745551e+03 ... 1.63584336e+00
  1.52559299e+00 1.42277313e+00]]",V_{t} = 0.0896806376492102 N_{t-100} + 0.115606680033939 N_{t-101} + 0.0825544660171189 N_{t-102} + 0.103727490104887 N_{t-103} + 0.0688540767361476 N_{t-104} + 0.0981852899474586 N_{t-105} + 0.0763201503104825 N_{t-106} + 0.0352171342787164 N_{t-107} + 0.0373723221418496 N_{t-109} + 0.0115210007599455 N_{t-110} + 0.0420848762774595 N_{t-111} + 0.0273094364901977 N_{t-113} + 0.0376344241476877 N_{t-114} + 0.0229539423529732 N_{t-115} + 0.0488349406173405 N_{t-119} + 0.110017024221451 N_{t-120} - 0.470347171036521 N_{t-599} + 1.35212733880274 N_{t-96} + 0.180538183603292 N_{t-98} + 0.124916047052962 N_{t-99} + 0.00437383075396311 V_{t-103} + 0.00458229179509847 V_{t-115} + 0.0012593966015329 V_{t-116} + 0.00503306436805596 V_{t-117} + 0.00653840565961109 V_{t-119} + 0.033735436345545 V_{t-120} - 0.0833149748041508 V_{t-576} - 0.0062097607877515 V_{t-578} - 0.00507597682120394 V_{t-579} - 0.0055338638328151 V_{t-587} - 0.00156034610774614 V_{t-588} - 0.00448029220090096 V_{t-589} - 0.00655876383223973 V_{t-590} - 0.00589301510119213 V_{t-591} - 0.0041164840654146 V_{t-592} - 0.00625631877417838 V_{t-593} + 0.253269269682822 V_{t-599} + 0.0894540341366201 V_{t-96} + 291.932445763596
"1h_(2, 1)",0.9999999999999999,6.808178786705845,"[[5.92140671e+04 5.52232372e+04 5.15013758e+04 ... 6.80817879e+01
  6.34933032e+01 5.92140671e+01]
 [4.55492824e+04 4.24794132e+04 3.96164429e+04 ... 5.23706061e+01
  4.88410025e+01 4.55492824e+01]
 [3.70087919e+04 3.45145232e+04 3.21883599e+04 ... 4.25511174e+01
  3.96833145e+01 3.70087919e+01]
 ...
 [6.29936884e+03 5.87481246e+03 5.47886977e+03 ... 7.24274339e+00
  6.75460673e+00 6.29936884e+00]
 [6.10454300e+03 5.69311723e+03 5.30942019e+03 ... 7.01874102e+00
  6.54570136e+00 6.10454300e+00]
 [5.92140671e+03 5.52232372e+03 5.15013758e+03 ... 6.80817879e+00
  6.34933032e+00 5.92140671e+00]]",V_{t} = - 5.66484664459047 \cdot 10^{-5} BN_{t-37} + 0.0920589118815586 BT_{t-24} + 2.12925568502836 N_{t-24} + 0.0504268742980721 N_{t-25} + 0.362537442273081 N_{t-26} + 0.312424597994857 N_{t-27} + 0.25762736328259 N_{t-28} + 0.0915172772176796 N_{t-29} + 0.158669902807199 N_{t-30} + 0.167082621959165 N_{t-31} + 0.0314790117190201 N_{t-32} + 0.140442070098314 N_{t-33} - 0.137479764731424 N_{t-623} + 0.00268724863767537 N_{t-67} + 0.011409471869554 N_{t-68} + 0.805240586491405 V_{t-24} - 0.000629489277374019 V_{t-28} - 0.020965311017611 V_{t-29} - 0.0175406843012264 V_{t-30} - 0.00113041067424789 V_{t-31} - 0.000438518597744737 V_{t-33} - 0.0118486078169149 V_{t-34} - 0.00281525088449129 V_{t-35} - 0.00814450242932335 V_{t-36} - 0.0039728314108021 V_{t-37} - 0.00292088040208541 V_{t-39} - 0.00169785540241747 V_{t-40} - 0.000508689510114734 V_{t-41} - 0.00567592768699545 V_{t-45} - 0.0451424904024287 V_{t-576} + 0.00670225438567823 V_{t-584} + 0.00280504755029091 V_{t-585} + 0.00162225821882027 V_{t-587} + 0.00451773162605193 V_{t-59} + 0.00552230455506485 V_{t-593} + 0.00358004718696508 V_{t-594} + 0.004265240493313 V_{t-60} - 0.00687141856424143 V_{t-606} - 0.00240935243784813 V_{t-607} + 0.000529077699488654 V_{t-614} + 0.0101740220202561 V_{t-618} + 0.000864992144505442 V_{t-619} + 0.010212444920533 V_{t-621} + 0.0142352356755312 V_{t-622} + 0.143345269781144 V_{t-623} - 0.0132992535514117 V_{t-69} - 0.00498345632507114 V_{t-70} - 0.0117736827076836 V_{t-72} + 40.7107311508076
"1h_(2, 2)",0.9999999999999999,8.008132049977622,"[[3.46652920e+04 3.23289673e+04 3.01501031e+04 ... 3.98566619e+01
  3.71704563e+01 3.46652920e+01]
 [2.66656092e+04 2.48684364e+04 2.31923870e+04 ... 3.06589707e+01
  2.85926587e+01 2.66656092e+01]
 [2.16658075e+04 2.02056046e+04 1.88438144e+04 ... 2.49104137e+01
  2.32315352e+01 2.16658075e+01]
 ...
 [3.68779702e+03 3.43925184e+03 3.20745778e+03 ... 4.24007042e+00
  3.95430386e+00 3.68779702e+00]
 [3.57374144e+03 3.33288323e+03 3.10825805e+03 ... 4.10893422e+00
  3.83200580e+00 3.57374144e+00]
 [3.46652920e+03 3.23289673e+03 3.01501031e+03 ... 3.98566619e+00
  3.71704563e+00 3.46652920e+00]]",V_{t} = - 0.0118224460259765 BN_{t-48} + 0.0423748337516162 BR_{t-82} + 0.0637609820486981 BR_{t-83} + 0.032265789090118 BR_{t-84} + 2.0954261004344 N_{t-48} + 0.318032876087555 N_{t-50} + 0.165730412155866 N_{t-51} + 0.198671598216163 N_{t-52} + 0.100016419294253 N_{t-53} + 0.167044771127824 N_{t-54} + 0.0834410370357848 N_{t-55} + 0.0906951785568402 N_{t-56} + 0.0969395346059572 N_{t-57} + 0.0479989660283194 N_{t-58} + 0.0217117612666468 N_{t-59} + 0.0115816231383657 N_{t-61} - 0.305110669051831 N_{t-623} + 0.071059761167964 N_{t-64} + 0.0310803787970607 N_{t-65} + 0.072367054762945 N_{t-66} + 0.0626813870002029 N_{t-67} + 0.109402746440529 N_{t-68} + 0.0658363776137641 N_{t-69} + 0.048425524253134 N_{t-82} + 0.0241560786354161 N_{t-83} + 0.0820994120517584 N_{t-84} + 0.0181335941274673 N_{t-85} + 0.0406065680442648 N_{t-88} + 0.0972816952399814 N_{t-89} + 0.0273625915908431 N_{t-92} + 0.0530353832622992 N_{t-93} + 0.0139867197832923 N_{t-94} + 0.486081760385272 V_{t-48} - 0.00166462152900727 V_{t-53} - 0.00636095761689708 V_{t-54} - 0.00317806407533998 V_{t-56} - 0.0676246805802626 V_{t-576} - 0.000273777266507521 V_{t-606} + 0.00874934233659008 V_{t-618} + 0.00501804434052836 V_{t-621} + 0.271453814616266 V_{t-623} - 0.00479915372581725 V_{t-68} - 0.0185696888543398 V_{t-69} - 0.00641490495086221 V_{t-70} - 0.00438699817636056 V_{t-73} - 0.00572674571146438 V_{t-74} - 0.00253584209523852 V_{t-76} - 0.00393919018395849 V_{t-77} - 0.00414569752090404 V_{t-79} - 0.00132549247722846 V_{t-80} + 0.0122363372314232 V_{t-96} + 121.525081329554
"1h_(2, 3)",0.9999999999999999,11.279962009144507,"[[2.60581753e+04 2.43019415e+04 2.26640719e+04 ... 2.99605693e+01
  2.79413272e+01 2.60581753e+01]
 [2.00447502e+04 1.86938011e+04 1.74339015e+04 ... 2.30465918e+01
  2.14933286e+01 2.00447502e+01]
 [1.62863595e+04 1.51887134e+04 1.41650450e+04 ... 1.87253558e+01
  1.74633295e+01 1.62863595e+01]
 ...
 [2.77214630e+03 2.58531292e+03 2.41107148e+03 ... 3.18729460e+00
  2.97248162e+00 2.77214630e+00]
 [2.68640982e+03 2.50535479e+03 2.33650226e+03 ... 3.08871848e+00
  2.88054919e+00 2.68640982e+00]
 [2.60581753e+03 2.43019415e+03 2.26640719e+03 ... 2.99605693e+00
  2.79413272e+00 2.60581753e+00]]",V_{t} = 0.0465177552998366 N_{t-101} + 0.0154747407308737 N_{t-103} + 0.0157171849216282 N_{t-104} + 0.0266964237524329 N_{t-105} + 0.0394902792153994 N_{t-106} - 0.360199441267183 N_{t-623} + 1.71845378504836 N_{t-72} + 0.187899415450753 N_{t-74} + 0.116663647312583 N_{t-75} + 0.137571903200936 N_{t-76} + 0.0987435515499742 N_{t-78} + 0.122041462985025 N_{t-79} + 0.0287924113722909 N_{t-80} + 0.153539879999773 N_{t-81} + 0.101603472262163 N_{t-82} + 0.0432018381270427 N_{t-83} + 0.102900882626238 N_{t-84} + 0.0274306683168483 N_{t-85} + 0.0163502146818401 N_{t-86} + 0.00657097683384353 N_{t-87} + 0.1088020138744 N_{t-88} + 0.0853635279391528 N_{t-89} + 0.0455768979870025 N_{t-90} + 0.0852229255263881 N_{t-92} + 0.0919869421972589 N_{t-93} + 0.0364402473430235 N_{t-94} + 0.0700991844636353 N_{t-95} + 0.0100151928703571 N_{t-96} + 0.0299893125501878 N_{t-97} + 0.0537304027239456 N_{t-98} + 0.0301439881276786 N_{t-99} + 0.0449635160887374 V_{t-120} - 0.0600749317404265 V_{t-576} - 0.00265236708717374 V_{t-578} - 0.00857799301250896 V_{t-597} - 0.00792780918880091 V_{t-598} - 0.00195881166581634 V_{t-601} - 0.00355613745522439 V_{t-602} - 0.00279444483411307 V_{t-604} - 0.00239401911553925 V_{t-605} - 0.00369995422499951 V_{t-606} - 0.00380123574440521 V_{t-607} + 0.342462962146724 V_{t-623} + 0.261192366052949 V_{t-72} - 0.00339071777339689 V_{t-77} - 0.000357859895041849 V_{t-78} - 0.0103627840952191 V_{t-79} - 0.00322065824317826 V_{t-80} - 0.00263926325555612 V_{t-81} - 0.00091554969780626 V_{t-82} - 0.00106497457695461 V_{t-84} - 0.000157211233820925 V_{t-89} - 0.00288119417738568 V_{t-92} - 0.0183561453233182 V_{t-93} - 0.00235182029482802 V_{t-94} + 186.733568399233
"1h_(2, 4)",0.9999999999999999,9.149524955753494,"[[2.60581753e+04 2.43019415e+04 2.26640719e+04 ... 2.99605693e+01
  2.79413272e+01 2.60581753e+01]
 [2.00447502e+04 1.86938011e+04 1.74339015e+04 ... 2.30465918e+01
  2.14933286e+01 2.00447502e+01]
 [1.62863595e+04 1.51887134e+04 1.41650450e+04 ... 1.87253558e+01
  1.74633295e+01 1.62863595e+01]
 ...
 [2.77214630e+03 2.58531292e+03 2.41107148e+03 ... 3.18729460e+00
  2.97248162e+00 2.77214630e+00]
 [2.68640982e+03 2.50535479e+03 2.33650226e+03 ... 3.08871848e+00
  2.88054919e+00 2.68640982e+00]
 [2.60581753e+03 2.43019415e+03 2.26640719e+03 ... 2.99605693e+00
  2.79413272e+00 2.60581753e+00]]",V_{t} = 0.00931298744807776 BR_{t-127} + 0.00551333450693673 BR_{t-128} + 0.00340324328841936 BR_{t-141} + 0.0224290079684971 BR_{t-142} + 0.0811062980406643 N_{t-100} + 0.122157633778064 N_{t-101} + 0.0628457590463184 N_{t-102} + 0.104367106438722 N_{t-103} + 0.0612630525299843 N_{t-104} + 0.0904311692757515 N_{t-105} + 0.0803655460575026 N_{t-106} + 0.0433310478655073 N_{t-107} + 0.00200650854199774 N_{t-108} + 0.0445316301887295 N_{t-109} + 0.0250302716041581 N_{t-110} + 0.0476613363680303 N_{t-111} + 0.0163958753204892 N_{t-113} + 0.0305274279447456 N_{t-114} + 0.0336752685516787 N_{t-115} + 0.0625724481279399 N_{t-119} + 0.00970128638299408 N_{t-120} + 0.0202371570694367 N_{t-121} + 0.063068957113985 N_{t-122} + 0.0510319443099764 N_{t-124} + 0.0503057077967755 N_{t-129} + 0.0570794028753267 N_{t-130} + 0.06917173320219 N_{t-131} + 0.0707502124587091 N_{t-132} + 0.0480016515339061 N_{t-133} + 0.0287347994111212 N_{t-134} + 0.018435462491115 N_{t-135} + 0.0862851599458619 N_{t-137} + 0.0168191418890029 N_{t-139} + 0.0575957746658961 N_{t-140} + 0.0723091670039138 N_{t-141} + 0.00436005622640086 N_{t-142} + 0.132443479373374 N_{t-144} - 0.551818408847296 N_{t-623} + 1.33191666159452 N_{t-96} + 0.177088400071517 N_{t-98} + 0.129768190254935 N_{t-99} + 0.000678971400963183 V_{t-115} + 0.00019188036973055 V_{t-116} + 0.00294068300077547 V_{t-117} + 0.00311017337775817 V_{t-119} + 0.00141807385599507 V_{t-120} + 0.00418779278366936 V_{t-122} + 0.00082370386087946 V_{t-123} + 0.00491729385429373 V_{t-128} + 0.000510297405121399 V_{t-129} + 0.0013119789229448 V_{t-138} + 0.00896438494370114 V_{t-139} + 0.00742251715192321 V_{t-140} + 0.00348980215611417 V_{t-141} + 0.00154300066691228 V_{t-142} + 0.00446983034118786 V_{t-143} + 0.0309115698141428 V_{t-144} - 0.0630424209791819 V_{t-576} - 0.000339354641719483 V_{t-597} - 0.00856602507284578 V_{t-598} - 0.00314582118313558 V_{t-601} - 0.00628700868707012 V_{t-602} - 0.00234164518360445 V_{t-604} - 0.00162638479479985 V_{t-605} - 0.00482866630332173 V_{t-606} - 0.0103829802332349 V_{t-607} + 0.347892033404732 V_{t-623} + 0.0871054455790137 V_{t-96} + 228.74412469366
"1h_(3, 1)",0.9999999999999999,10.342236120474217,"[[5.91820775e+04 5.51934036e+04 5.14735529e+04 ... 6.80450076e+01
  6.34590018e+01 5.91820775e+01]
 [4.55246750e+04 4.24564643e+04 3.95950407e+04 ... 5.23423135e+01
  4.88146168e+01 4.55246750e+01]
 [3.69887984e+04 3.44958772e+04 3.21709705e+04 ... 4.25281298e+01
  3.96618761e+01 3.69887984e+01]
 ...
 [6.29596569e+03 5.87163868e+03 5.47590988e+03 ... 7.23883060e+00
  6.75095764e+00 6.29596569e+00]
 [6.10124510e+03 5.69004160e+03 5.30655184e+03 ... 7.01494924e+00
  6.54216514e+00 6.10124510e+00]
 [5.91820775e+03 5.51934036e+03 5.14735529e+03 ... 6.80450076e+00
  6.34590018e+00 5.91820775e+00]]",V_{t} = 2.01908090951072 N_{t-24} + 0.0455786057367125 N_{t-25} + 0.342475685731626 N_{t-26} + 0.2947340133644 N_{t-27} + 0.24909369058544 N_{t-28} + 0.0783020677894209 N_{t-29} + 0.145984232680584 N_{t-30} + 0.152388947204143 N_{t-31} + 0.0347541743497581 N_{t-32} + 0.0216393414581299 N_{t-33} + 0.792370503857686 V_{t-24} - 0.0132514184773904 V_{t-29} - 0.0188815704311975 V_{t-30} - 0.00167105429458843 V_{t-31} - 5.94566018489888 \cdot 10^{-5} V_{t-33} - 0.011113133223427 V_{t-34} - 0.00404539755724241 V_{t-35} - 0.00907423351253784 V_{t-36} - 0.00679776400079844 V_{t-37} - 0.00344256965142363 V_{t-39} - 0.00117485761631537 V_{t-40} - 0.000957474624249829 V_{t-41} - 0.00736973060156923 V_{t-45} - 0.0388253385856233 V_{t-576} + 0.000304183488979698 V_{t-584} + 0.00228081914719226 V_{t-585} + 0.00218935675399542 V_{t-587} + 0.000730690771915322 V_{t-59} + 0.00728193885449053 V_{t-593} + 0.00196710105821843 V_{t-594} + 7.93527510220656 \cdot 10^{-5} V_{t-614} + 0.00325864471016422 V_{t-616} + 0.0142997460296055 V_{t-618} + 0.00304440740592979 V_{t-619} + 0.000222806821784988 V_{t-620} + 0.00731974102730881 V_{t-621} + 0.0241868448752387 V_{t-622} + 0.00580426827975867 V_{t-623} + 0.0011758496086115 V_{t-624} + 0.0106194335066467 V_{t-625} + 0.0127367116605455 V_{t-626} + 0.00268278760905728 V_{t-627} + 0.0128407003493347 V_{t-628} + 0.0145286446466303 V_{t-629} + 0.0131262561760212 V_{t-630} + 0.0169375345536283 V_{t-631} + 0.00766170520452286 V_{t-632} + 0.00392378498812275 V_{t-633} + 0.00431064147523367 V_{t-634} + 0.00611732616349309 V_{t-636} + 0.00348450348341616 V_{t-637} + 0.00362928280915751 V_{t-638} + 0.00481001400128402 V_{t-639} + 0.0161725335294403 V_{t-647} - 0.00777969601775212 V_{t-69} - 0.0012414348546211 V_{t-70} - 0.000687613598823359 V_{t-73} - 0.00385224143966139 V_{t-74} - 0.00516958162828078 V_{t-76} - 0.00599845143794559 V_{t-77} - 0.00742042268975227 V_{t-79} - 0.00269123419158245 V_{t-84} + 0.0119913544642576 V_{t-96} + 37.8488835658625
"1h_(3, 2)",0.9999999999999999,12.16039952519453,"[[3.46332540e+04 3.22990886e+04 3.01222381e+04 ... 3.98198261e+01
  3.71361031e+01 3.46332540e+01]
 [2.66409646e+04 2.48454528e+04 2.31709524e+04 ... 3.06306355e+01
  2.85662331e+01 2.66409646e+01]
 [2.16457838e+04 2.01869304e+04 1.88263988e+04 ... 2.48873913e+01
  2.32100644e+01 2.16457838e+01]
 ...
 [3.68438873e+03 3.43607326e+03 3.20449342e+03 ... 4.23615171e+00
  3.95064926e+00 3.68438873e+00]
 [3.57043856e+03 3.32980295e+03 3.10538538e+03 ... 4.10513671e+00
  3.82846424e+00 3.57043856e+00]
 [3.46332540e+03 3.22990886e+03 3.01222381e+03 ... 3.98198261e+00
  3.71361031e+00 3.46332540e+00]]",V_{t} = 1.87672121846168 N_{t-48} + 0.286593526690302 N_{t-50} + 0.139520661927518 N_{t-51} + 0.169544970079894 N_{t-52} + 0.0739697567103118 N_{t-53} + 0.135630063159794 N_{t-54} + 0.0744645985017457 N_{t-55} + 0.0805763689686075 N_{t-56} + 0.0756800738369759 N_{t-57} + 0.0155185333262636 N_{t-58} + 0.0195398171383174 N_{t-64} + 0.0208164454695557 N_{t-65} + 0.0258540159302296 N_{t-66} + 0.0579779622347945 N_{t-67} + 0.013418675157587 N_{t-68} + 0.00231804177084399 N_{t-84} + 0.00481963500090882 N_{t-88} + 0.0629202659247357 N_{t-89} + 0.0422326235581486 N_{t-93} + 0.0222310618600108 N_{t-94} + 0.0105511870505417 N_{t-95} + 0.000433152318767845 V_{t-119} + 0.0342114118429535 V_{t-120} + 0.462871511621049 V_{t-48} - 0.00333912324314971 V_{t-54} - 0.0047203114637247 V_{t-56} - 0.0562659621992162 V_{t-576} + 0.000446740226285893 V_{t-612} + 0.00668000080875652 V_{t-613} + 0.00513295841564607 V_{t-614} + 0.00117299995301244 V_{t-616} + 0.00728097465335163 V_{t-617} + 0.0226680623412004 V_{t-618} + 0.00599350121470928 V_{t-619} + 0.00050941136946943 V_{t-620} + 0.00500063806036968 V_{t-621} + 0.01902780214132 V_{t-622} + 0.00750332871954294 V_{t-623} + 0.00281693420048399 V_{t-624} + 0.00739251308886911 V_{t-625} + 0.0110853819594591 V_{t-626} + 0.0075948625910554 V_{t-627} + 0.0104932336337236 V_{t-628} + 0.0102881411929957 V_{t-629} + 0.0104762908433099 V_{t-630} + 0.00996488628888756 V_{t-631} + 0.00401537843012884 V_{t-632} + 0.00817182530783546 V_{t-633} + 0.0082260373086523 V_{t-634} + 0.0101904084373863 V_{t-636} + 0.00841650208922326 V_{t-637} + 0.00690532554483629 V_{t-638} + 0.00501998987135335 V_{t-639} + 0.00450351664756453 V_{t-640} + 0.0076763670962556 V_{t-645} + 0.00126935266998416 V_{t-646} + 0.133856606942187 V_{t-647} - 0.00830460908470168 V_{t-68} - 0.0172437191911756 V_{t-69} - 0.00845255818739923 V_{t-70} - 0.00301494333260046 V_{t-73} - 0.00394219955611552 V_{t-74} - 0.00372092305664363 V_{t-76} - 0.00213200423441704 V_{t-77} - 0.00324241098122971 V_{t-79} - 0.0019772481532704 V_{t-80} - 0.000973952032728933 V_{t-89} - 0.000775267687264556 V_{t-91} - 0.00149016116514114 V_{t-92} - 0.0165041016153717 V_{t-93} - 0.00272497189695369 V_{t-94} - 9.6881634525008 \cdot 10^{-5} V_{t-95} - 0.00225244125941959 V_{t-97} + 103.507318364303
"1h_(3, 3)",0.9999999999999999,10.99252728985442,"[[3.13071120e+04 2.91971174e+04 2.72293294e+04 ... 3.59955710e+01
  3.35695900e+01 3.13071120e+01]
 [2.40823939e+04 2.24593211e+04 2.09456380e+04 ... 2.76889008e+01
  2.58227616e+01 2.40823939e+01]
 [1.95669450e+04 1.82481984e+04 1.70183309e+04 ... 2.24972319e+01
  2.09809938e+01 1.95669450e+01]
 ...
 [3.33054383e+03 3.10607632e+03 2.89673717e+03 ... 3.82931607e+00
  3.57123298e+00 3.33054383e+00]
 [3.22753732e+03 3.01001211e+03 2.80714737e+03 ... 3.71088361e+00
  3.46078248e+00 3.22753732e+00]
 [3.13071120e+03 2.91971174e+03 2.72293294e+03 ... 3.59955710e+00
  3.35695900e+00 3.13071120e+00]]",V_{t} = 0.0447144651003749 N_{t-101} + 0.00858462408991292 N_{t-103} + 0.0105623409992795 N_{t-104} + 0.0193976541244752 N_{t-105} + 0.00975525006073423 N_{t-106} + 0.040803262151684 N_{t-131} + 0.0724646143766137 N_{t-132} + 0.0226448420663989 N_{t-133} + 0.0202338132434804 N_{t-141} + 0.0162002477826387 N_{t-144} + 1.4890964765227 N_{t-72} + 0.128271070697556 N_{t-74} + 0.105616058281176 N_{t-75} + 0.0936716357579081 N_{t-76} + 0.0702609777411888 N_{t-78} + 0.0918729565473027 N_{t-79} + 0.0108598426219614 N_{t-80} + 0.143366243320889 N_{t-81} + 0.0797456562065977 N_{t-82} + 0.0476778433335279 N_{t-83} + 0.0817542524744055 N_{t-84} + 0.0206784748174185 N_{t-85} + 0.0020577869464016 N_{t-86} + 0.000950525405880048 N_{t-87} + 0.0957018659620991 N_{t-88} + 0.0640116786739099 N_{t-89} + 0.0438348805246806 N_{t-90} + 0.0594046228674352 N_{t-92} + 0.0750839415886309 N_{t-93} + 0.0271585688467981 N_{t-94} + 0.0657221960931433 N_{t-95} + 0.0388632826396888 N_{t-97} + 0.0497606314916301 N_{t-98} + 0.0206061056243911 N_{t-99} + 0.00437456931777098 V_{t-119} + 0.00205557423459308 V_{t-120} + 0.000160324436112706 V_{t-128} + 0.00463260032753601 V_{t-139} + 0.00860891068902311 V_{t-140} + 0.00407802823462096 V_{t-141} + 0.0210902527772864 V_{t-144} - 0.0526653974955817 V_{t-576} - 0.0068249213755125 V_{t-597} - 0.00472805020489454 V_{t-598} + 0.000771188281229949 V_{t-614} + 0.0034950099062397 V_{t-616} + 0.00373822152833162 V_{t-617} + 0.0176680200141051 V_{t-618} + 0.00675018968949115 V_{t-619} + 1.24472876602338 \cdot 10^{-5} V_{t-620} + 0.00224731669816757 V_{t-621} + 0.016893301265827 V_{t-622} + 0.00701292146360227 V_{t-623} + 0.00364236339571336 V_{t-624} + 0.0104592868554266 V_{t-625} + 0.00911755216821045 V_{t-626} + 0.00659749182835172 V_{t-627} + 0.0129361690068294 V_{t-628} + 0.0150223173094848 V_{t-629} + 0.0130332656984055 V_{t-630} + 0.00866994150130649 V_{t-631} + 0.00868718204713262 V_{t-632} + 0.0113130572287956 V_{t-633} + 0.00409979025454665 V_{t-634} + 0.00831842844247149 V_{t-636} + 0.00787202234737581 V_{t-637} + 0.00526439173205943 V_{t-638} + 0.00313298575473247 V_{t-639} + 0.00476197945833299 V_{t-640} + 0.000956967116748944 V_{t-641} + 0.00161338238194566 V_{t-642} + 0.00276668220649146 V_{t-645} + 0.211191329219717 V_{t-647} + 0.241899051896639 V_{t-72} - 0.00862794869786225 V_{t-79} - 0.00313814558430319 V_{t-80} - 0.0046611819812534 V_{t-81} - 0.0013025886255666 V_{t-82} - 0.00319739326929409 V_{t-84} - 0.000770743748907749 V_{t-89} - 0.0164946182785847 V_{t-93} + 151.230004282154
"1h_(3, 4)",0.9999999999999999,8.31544377191834,"[[3.13071120e+04 2.91971174e+04 2.72293294e+04 ... 3.59955710e+01
  3.35695900e+01 3.13071120e+01]
 [2.40823939e+04 2.24593211e+04 2.09456380e+04 ... 2.76889008e+01
  2.58227616e+01 2.40823939e+01]
 [1.95669450e+04 1.82481984e+04 1.70183309e+04 ... 2.24972319e+01
  2.09809938e+01 1.95669450e+01]
 ...
 [3.33054383e+03 3.10607632e+03 2.89673717e+03 ... 3.82931607e+00
  3.57123298e+00 3.33054383e+00]
 [3.22753732e+03 3.01001211e+03 2.80714737e+03 ... 3.71088361e+00
  3.46078248e+00 3.22753732e+00]
 [3.13071120e+03 2.91971174e+03 2.72293294e+03 ... 3.59955710e+00
  3.35695900e+00 3.13071120e+00]]",V_{t} = 0.0124405811750932 BR_{t-126} + 0.0131489615033018 BR_{t-127} + 0.018309835092924 BR_{t-128} + 0.0868393806292596 N_{t-100} + 0.102371071209122 N_{t-101} + 0.064377488196135 N_{t-102} + 0.0821399325437013 N_{t-103} + 0.0490273395000265 N_{t-104} + 0.0721272059621822 N_{t-105} + 0.0876256979769247 N_{t-106} + 0.0272974105040143 N_{t-107} + 0.0247440844993658 N_{t-109} + 0.00507871013243612 N_{t-110} + 0.0257518400502814 N_{t-111} + 0.00309940215620572 N_{t-113} + 0.0208133472760862 N_{t-114} + 0.0208615176008924 N_{t-115} + 0.0505522057567695 N_{t-119} + 0.00650196295653213 N_{t-120} + 0.0235961524595228 N_{t-121} + 0.0498164884362844 N_{t-122} + 0.0127934147655447 N_{t-124} + 0.0069645998441826 N_{t-129} + 0.0622782061908162 N_{t-130} + 0.0690458889326976 N_{t-131} + 0.066168856066235 N_{t-132} + 0.0437182771108547 N_{t-133} + 0.0312617784636406 N_{t-134} + 0.0125526039009922 N_{t-135} + 0.0441465548875492 N_{t-137} + 0.0553462104491262 N_{t-140} + 0.0320608687782486 N_{t-141} + 0.0240792284507241 N_{t-148} + 0.0392487047080948 N_{t-149} + 0.000952796049937302 N_{t-150} + 0.0659561303520934 N_{t-151} + 0.0533939829120608 N_{t-153} + 0.00559508218027455 N_{t-155} + 0.0168539834770769 N_{t-157} + 0.0429678144076556 N_{t-158} + 0.0343488427789509 N_{t-159} + 0.0367186329560711 N_{t-160} + 0.0301484012778441 N_{t-161} + 0.0394644492243577 N_{t-162} + 0.0534027065463087 N_{t-163} + 0.0597076271722672 N_{t-164} + 0.0644496013104797 N_{t-165} + 0.110050801139176 N_{t-166} + 0.0101223540599325 N_{t-167} + 0.533994208341297 N_{t-168} + 0.026964857290492 N_{t-601} - 0.181380749935807 N_{t-647} + 1.13693425311487 N_{t-96} + 0.172552597842517 N_{t-98} + 0.106086673177298 N_{t-99} + 3.48398240537307 \cdot 10^{-5} V_{t-117} + 0.00423278658696838 V_{t-119} + 0.000638303098819178 V_{t-128} + 0.00082909784229061 V_{t-129} + 0.00470253736082258 V_{t-139} + 0.00374055579504597 V_{t-140} + 0.000449357233496815 V_{t-141} + 2.12750496022414 \cdot 10^{-5} V_{t-143} + 0.00337666261775815 V_{t-144} + 0.00179983823297005 V_{t-145} + 0.00434072483509532 V_{t-149} + 0.000611054099406711 V_{t-150} + 0.000761244569849897 V_{t-155} + 0.000422458216057756 V_{t-156} + 0.00474998138514122 V_{t-159} + 0.00531371677041569 V_{t-161} + 0.0113003301440203 V_{t-162} + 0.00641949932708195 V_{t-163} + 0.00630074751741635 V_{t-164} + 0.00237737826873535 V_{t-165} + 0.00573380327894117 V_{t-166} + 0.00502791676463183 V_{t-167} - 0.052521989621179 V_{t-576} - 0.000764340472280547 V_{t-597} - 0.00695810482582496 V_{t-598} - 0.000430058462509956 V_{t-602} - 0.000996044682933287 V_{t-604} + 0.00138889059139324 V_{t-614} + 0.00484606793116186 V_{t-616} + 0.00112379877346291 V_{t-617} + 0.0176838580759627 V_{t-618} + 0.00339691125661842 V_{t-619} + 0.00183916824938659 V_{t-621} + 0.0140015240536778 V_{t-622} + 0.00868345636918569 V_{t-623} + 0.00228180228638711 V_{t-624} + 0.00814569100077421 V_{t-625} + 0.00778041293711587 V_{t-626} + 0.00545059719119745 V_{t-627} + 0.0124868814395934 V_{t-628} + 0.0119519382007801 V_{t-629} + 0.0144289799651177 V_{t-630} + 0.0108956444875432 V_{t-631} + 0.00610594565789371 V_{t-632} + 0.0106444451712515 V_{t-633} + 0.00490157751038045 V_{t-634} + 2.95037363462622 \cdot 10^{-5} V_{t-635} + 0.00738996559463168 V_{t-636} + 0.00903879233086094 V_{t-637} + 0.00408544466654185 V_{t-638} + 0.00279098374172875 V_{t-639} + 0.000687673098561844 V_{t-640} + 0.244209149213926 V_{t-647} + 0.0874588331863544 V_{t-96} + 180.179031718933
"1h_(4, 1)",0.9999999999999999,10.335918228741974,"[[5.91459242e+04 5.51596869e+04 5.14421086e+04 ... 6.80034401e+01
  6.34202358e+01 5.91459242e+01]
 [4.54968648e+04 4.24305284e+04 3.95708528e+04 ... 5.23103385e+01
  4.87847968e+01 4.54968648e+01]
 [3.69662026e+04 3.44748043e+04 3.21513179e+04 ... 4.25021501e+01
  3.96376474e+01 3.69662026e+01]
 ...
 [6.29211960e+03 5.86805179e+03 5.47256474e+03 ... 7.23440852e+00
  6.74683360e+00 6.29211960e+00]
 [6.09751796e+03 5.68656566e+03 5.30331016e+03 ... 7.01066393e+00
  6.53816864e+00 6.09751796e+00]
 [5.91459242e+03 5.51596869e+03 5.14421086e+03 ... 6.80034401e+00
  6.34202358e+00 5.91459242e+00]]",V_{t} = 2.0083387285973 N_{t-24} + 0.0446040360573128 N_{t-25} + 0.341432303013635 N_{t-26} + 0.293384383040401 N_{t-27} + 0.249092201993366 N_{t-28} + 0.0771940697790044 N_{t-29} + 0.145508336702734 N_{t-30} + 0.152143510446817 N_{t-31} + 0.0356108680638346 N_{t-32} + 0.0150372619793401 N_{t-33} + 0.000774657545591829 V_{t-103} + 0.0152889132852827 V_{t-117} + 0.000980808906366919 V_{t-118} + 0.00423941757793213 V_{t-119} + 0.791775905917354 V_{t-24} - 0.0137091160575916 V_{t-29} - 0.0188491921074277 V_{t-30} - 0.00218735053635357 V_{t-31} - 0.000140419748804501 V_{t-33} - 0.0117854963602175 V_{t-34} - 0.00434359287471792 V_{t-35} - 0.00938733570959644 V_{t-36} - 0.00698514296457473 V_{t-37} - 0.00402167335454198 V_{t-39} - 0.00148139086981005 V_{t-40} - 0.00150904953833789 V_{t-41} - 0.000108622415090808 V_{t-42} - 0.00857680259939232 V_{t-45} - 0.0397968695794496 V_{t-576} + 0.00055796004669642 V_{t-584} + 0.00210677271390111 V_{t-585} + 0.0024314533999756 V_{t-587} + 0.000349016400198081 V_{t-588} + 0.000970498790254623 V_{t-59} + 0.00771192386974178 V_{t-593} + 0.00238274415340181 V_{t-594} + 0.000136920405339485 V_{t-614} + 0.00383274700354858 V_{t-616} + 4.86897556993193 \cdot 10^{-5} V_{t-617} + 0.0145371513087965 V_{t-618} + 0.00331899161447286 V_{t-619} + 0.000112768905154777 V_{t-620} + 0.00762786069772243 V_{t-621} + 0.0243651426199838 V_{t-622} + 0.00568540362817854 V_{t-623} + 0.00126824094618834 V_{t-624} + 0.0109498005557681 V_{t-625} + 0.0130533572572312 V_{t-626} + 0.00302061167064988 V_{t-627} + 0.013219288839099 V_{t-628} + 0.0150600097536659 V_{t-629} + 0.0134789563271721 V_{t-630} + 0.0172732641432005 V_{t-631} + 0.00808429753662327 V_{t-632} + 0.00406698464747239 V_{t-633} + 0.00492897196099944 V_{t-634} + 0.00656952431861408 V_{t-636} + 0.00198262822312806 V_{t-637} - 0.00274085372490612 V_{t-650} + 0.0119571354743573 V_{t-663} + 0.00414590020401144 V_{t-664} + 0.00564447414643094 V_{t-665} + 0.00155861997809808 V_{t-666} + 0.0110583623940875 V_{t-667} - 0.00730478651321762 V_{t-69} - 0.00107090265240876 V_{t-70} - 0.000735206413951078 V_{t-73} - 0.00390348056512205 V_{t-74} - 0.00489971667814915 V_{t-76} - 0.00597853545293653 V_{t-77} - 0.00687263936492022 V_{t-79} - 0.00528371625206339 V_{t-84} - 0.0010665308761919 V_{t-87} + 32.4708812373895
"1h_(4, 2)",0.9999999999999999,12.14621011378715,"[[3.45928421e+04 3.22614003e+04 3.00870899e+04 ... 3.97733622e+01
  3.70927707e+01 3.45928421e+01]
 [2.66098785e+04 2.48164618e+04 2.31439153e+04 ... 3.05948940e+01
  2.85329005e+01 2.66098785e+01]
 [2.16205263e+04 2.01633752e+04 1.88044312e+04 ... 2.48583514e+01
  2.31829817e+01 2.16205263e+01]
 ...
 [3.68008958e+03 3.43206386e+03 3.20075424e+03 ... 4.23120874e+00
  3.94603943e+00 3.68008958e+00]
 [3.56627238e+03 3.32591756e+03 3.10176184e+03 ... 4.10034661e+00
  3.82399698e+00 3.56627238e+00]
 [3.45928421e+03 3.22614003e+03 3.00870899e+03 ... 3.97733622e+00
  3.70927707e+00 3.45928421e+00]]",V_{t} = 1.85973119241548 N_{t-48} + 0.280493673157715 N_{t-50} + 0.135194931525057 N_{t-51} + 0.170678158004117 N_{t-52} + 0.073175269328775 N_{t-53} + 0.137442101257938 N_{t-54} + 0.0737840028106847 N_{t-55} + 0.0813287936474141 N_{t-56} + 0.0731116115246056 N_{t-57} + 0.00130443248685431 N_{t-58} + 0.012900637542911 N_{t-64} + 0.0239727646104484 N_{t-65} + 0.0288715815105032 N_{t-66} + 0.0579830586086261 N_{t-67} + 0.00446179574736693 N_{t-68} + 0.000494607444065493 N_{t-88} + 0.0543446091543313 N_{t-89} + 0.0322146065027019 N_{t-93} + 0.0107558599467614 N_{t-94} + 0.00590939827448934 V_{t-119} + 0.00136833798467961 V_{t-120} + 0.00214222269340012 V_{t-121} + 0.00696703830564331 V_{t-122} + 0.00217402194598936 V_{t-124} + 0.00170627862283211 V_{t-127} + 0.00266122419175218 V_{t-128} + 0.000512936005233479 V_{t-138} + 0.00699616209118576 V_{t-139} + 0.00353999857902564 V_{t-140} + 0.00291347058508662 V_{t-141} + 0.448574380161628 V_{t-48} - 0.00295019631007492 V_{t-54} - 0.00265787110742396 V_{t-56} - 0.0560092420054227 V_{t-576} + 0.00154091944662328 V_{t-593} + 0.00609732711001187 V_{t-613} + 0.0059107055077235 V_{t-614} + 0.00201731368408347 V_{t-616} + 0.00730678086284755 V_{t-617} + 0.0221210191688377 V_{t-618} + 0.00606189546078076 V_{t-619} + 0.000648129603080208 V_{t-620} + 0.00570229224994968 V_{t-621} + 0.0195566936244907 V_{t-622} + 0.00691429443446258 V_{t-623} + 0.00325974943390309 V_{t-624} + 0.00833515407932232 V_{t-625} + 0.0130016144558361 V_{t-626} + 0.00827857416594452 V_{t-627} + 0.0104858228202782 V_{t-628} + 0.0106053514495158 V_{t-629} + 0.0102583892636171 V_{t-630} + 0.0113896286327164 V_{t-631} + 0.00442178984433107 V_{t-632} + 0.00701454837796593 V_{t-633} + 0.00943516428500269 V_{t-634} + 0.00124521471032833 V_{t-635} + 0.0102226472403637 V_{t-636} + 0.0098487510106748 V_{t-637} + 0.00858501895698914 V_{t-638} + 0.00610872475786755 V_{t-639} + 0.00881049559778167 V_{t-640} + 0.0015448223894108 V_{t-641} + 0.00286797733715846 V_{t-642} + 0.0080837506357989 V_{t-645} + 0.0112649255150257 V_{t-646} + 0.00314836543869246 V_{t-647} + 0.00683708719140011 V_{t-648} + 0.000945223508677423 V_{t-649} + 0.00225096658779896 V_{t-650} + 0.0074930335101947 V_{t-651} + 0.00420944719814485 V_{t-652} + 0.000312341605048461 V_{t-653} + 0.00865151614942567 V_{t-655} + 0.00214183144707732 V_{t-656} + 0.0116754301729777 V_{t-657} + 0.00370819204885504 V_{t-658} + 0.0122389924423053 V_{t-659} + 0.00995074130336449 V_{t-660} + 0.00544949687539245 V_{t-662} + 0.0147735430148003 V_{t-663} + 0.00702160797241044 V_{t-664} + 0.00170391041838615 V_{t-665} + 0.00490828782691074 V_{t-667} + 0.0146388369920882 V_{t-668} + 0.00374664229672912 V_{t-669} - 0.00671987631749161 V_{t-68} - 0.0180034173958208 V_{t-69} - 0.00717146087477531 V_{t-70} - 0.00395136563393427 V_{t-73} - 0.00471967884667177 V_{t-74} - 0.00445837547199802 V_{t-76} - 0.00329553643374112 V_{t-77} - 0.0042523834256248 V_{t-79} - 0.00139077282848612 V_{t-80} - 0.000792927643476707 V_{t-91} - 0.00156642430372879 V_{t-92} - 0.0163935265846555 V_{t-93} - 0.00175463501457836 V_{t-94} + 96.6259365308812
"1h_(4, 3)",0.9999999999999999,10.305223672448168,"[[3.14706641e+04 2.93496467e+04 2.73715787e+04 ... 3.61836162e+01
  3.37449615e+01 3.14706641e+01]
 [2.42082031e+04 2.25766513e+04 2.10550605e+04 ... 2.78335509e+01
  2.59576627e+01 2.42082031e+01]
 [1.96691651e+04 1.83435292e+04 1.71072367e+04 ... 2.26147601e+01
  2.10906010e+01 1.96691651e+01]
 ...
 [3.34794299e+03 3.12230284e+03 2.91187007e+03 ... 3.84932087e+00
  3.58988953e+00 3.34794299e+00]
 [3.24439836e+03 3.02573677e+03 2.82181224e+03 ... 3.73026971e+00
  3.47886202e+00 3.24439836e+00]
 [3.14706641e+03 2.93496467e+03 2.73715787e+03 ... 3.61836162e+00
  3.37449615e+00 3.14706641e+00]]",V_{t} = 0.0335226215422589 N_{t-101} + 0.00150438401353675 N_{t-104} + 0.00762173624017452 N_{t-105} + 0.0261042880823392 N_{t-131} + 0.0420653110223208 N_{t-132} + 0.00476750047383268 N_{t-151} + 0.020266811874848 N_{t-159} + 0.0246683680165193 N_{t-160} + 0.00942999381887631 N_{t-161} + 0.0229029317809815 N_{t-162} + 0.0627669962299515 N_{t-163} + 0.0455282170932737 N_{t-164} + 0.0392021168955837 N_{t-165} + 0.0940763101975602 N_{t-166} + 0.000156196865392701 N_{t-167} + 0.44499802317439 N_{t-168} + 1.41401815315222 N_{t-72} + 0.120649096668125 N_{t-74} + 0.0988527366708341 N_{t-75} + 0.0805679157563707 N_{t-76} + 0.0566801719058707 N_{t-78} + 0.101859412233588 N_{t-79} + 0.00878946577323551 N_{t-80} + 0.130949740243828 N_{t-81} + 0.078214659858697 N_{t-82} + 0.0447473076612079 N_{t-83} + 0.0775803976118488 N_{t-84} + 0.0175612605729836 N_{t-85} + 0.0963666492846661 N_{t-88} + 0.0566125892797628 N_{t-89} + 0.0256971943927632 N_{t-90} + 0.0482710554259239 N_{t-92} + 0.0657559926198686 N_{t-93} + 0.0265741434912706 N_{t-94} + 0.0552340681426037 N_{t-95} + 7.34600404262923 \cdot 10^{-5} N_{t-96} + 0.0163097663159063 N_{t-97} + 0.0409280681380243 N_{t-98} + 0.0149860843749047 N_{t-99} + 0.00504930447501682 V_{t-119} + 0.00260944848561445 V_{t-120} + 0.0022856306495486 V_{t-122} + 0.000947535781276051 V_{t-139} + 0.00552663087000019 V_{t-140} + 0.00275310211711594 V_{t-141} + 6.47046727919197 \cdot 10^{-5} V_{t-143} + 0.00229877807612895 V_{t-144} + 0.00187793491538033 V_{t-145} + 0.0018945017555988 V_{t-149} + 0.00598358307906837 V_{t-159} + 0.00530486780351698 V_{t-161} + 0.0111188919741933 V_{t-162} + 0.000658300752467127 V_{t-163} - 0.0534674166986776 V_{t-576} - 0.000294808217611754 V_{t-597} - 0.00435472130640339 V_{t-598} + 0.00530604760704995 V_{t-616} + 0.00320680706108081 V_{t-617} + 0.0174422564318699 V_{t-618} + 0.00639148056759319 V_{t-619} + 0.000729956491147479 V_{t-620} + 0.0037361922275785 V_{t-621} + 0.0168774079644009 V_{t-622} + 0.007253608075563 V_{t-623} + 0.0033700593396497 V_{t-624} + 0.0118852998157949 V_{t-625} + 0.0114257141630284 V_{t-626} + 0.00830496700298988 V_{t-627} + 0.0121281587311814 V_{t-628} + 0.0154970742231591 V_{t-629} + 0.0130339661707959 V_{t-630} + 0.0116868700681327 V_{t-631} + 0.0102641413062987 V_{t-632} + 0.00885847021013379 V_{t-633} + 0.00646605762839701 V_{t-634} + 0.00275536486190642 V_{t-635} + 0.00925394888295618 V_{t-636} + 0.0108996799833322 V_{t-637} + 0.00792453145494783 V_{t-638} + 0.00445449374069521 V_{t-639} + 0.00835342328873695 V_{t-640} + 0.0049852359620157 V_{t-641} + 0.00877752708808813 V_{t-642} + 0.000920934417222579 V_{t-643} + 7.77888303100496 \cdot 10^{-5} V_{t-644} + 0.00678857778390054 V_{t-645} + 0.00775730770656236 V_{t-646} + 0.00361509432186264 V_{t-647} + 0.0095531504172852 V_{t-648} + 1.09801104365343 \cdot 10^{-5} V_{t-649} + 0.000825262569516482 V_{t-650} + 0.00887231268361709 V_{t-651} + 0.00187589001984471 V_{t-652} + 0.00397078972349959 V_{t-655} + 0.000431513694787574 V_{t-656} + 0.0141422652325733 V_{t-657} + 0.00689608574068919 V_{t-658} + 0.0125623288740419 V_{t-659} + 0.012377909172012 V_{t-660} + 0.000971308493493858 V_{t-661} + 0.00749693695427758 V_{t-662} + 0.0142697325138476 V_{t-663} + 0.00769729924590857 V_{t-664} + 0.002656703109154 V_{t-665} + 4.61676904052381 \cdot 10^{-5} V_{t-666} + 0.00943752706132035 V_{t-667} + 0.0111932270584563 V_{t-668} + 0.0128459804083412 V_{t-669} + 0.0644310995512097 V_{t-671} + 0.223144776601239 V_{t-72} - 0.00389831367679634 V_{t-77} - 0.000509198744235849 V_{t-78} - 0.0107512999809229 V_{t-79} - 0.00249619084579087 V_{t-80} - 0.00301146442861042 V_{t-81} - 0.00107059872652546 V_{t-82} - 0.00348248552355564 V_{t-84} - 0.0151029210469667 V_{t-93} - 0.000156330524683577 V_{t-94} + 135.007865902673
"1h_(4, 4)",0.9999999999999999,7.795523790454872,"[[3.14706641e+04 2.93496467e+04 2.73715787e+04 ... 3.61836162e+01
  3.37449615e+01 3.14706641e+01]
 [2.42082031e+04 2.25766513e+04 2.10550605e+04 ... 2.78335509e+01
  2.59576627e+01 2.42082031e+01]
 [1.96691651e+04 1.83435292e+04 1.71072367e+04 ... 2.26147601e+01
  2.10906010e+01 1.96691651e+01]
 ...
 [3.34794299e+03 3.12230284e+03 2.91187007e+03 ... 3.84932087e+00
  3.58988953e+00 3.34794299e+00]
 [3.24439836e+03 3.02573677e+03 2.82181224e+03 ... 3.73026971e+00
  3.47886202e+00 3.24439836e+00]
 [3.14706641e+03 2.93496467e+03 2.73715787e+03 ... 3.61836162e+00
  3.37449615e+00 3.14706641e+00]]",V_{t} = 0.0246301918757108 BR_{t-126} + 0.0150424488013032 BR_{t-127} + 0.0218248270226137 BR_{t-128} + 0.0592507888522874 N_{t-100} + 0.0945774761330415 N_{t-101} + 0.0529424713999467 N_{t-102} + 0.0649858642615106 N_{t-103} + 0.0403950331346191 N_{t-104} + 0.0639336837934144 N_{t-105} + 0.0736176086858052 N_{t-106} + 0.0229892315866411 N_{t-107} + 0.0138190986201954 N_{t-109} + 0.000599117619618626 N_{t-110} + 0.0128204586429195 N_{t-111} + 0.0112087092730242 N_{t-114} + 0.0292431106152435 N_{t-119} + 0.00294336409938637 N_{t-120} + 0.0239112415436648 N_{t-121} + 0.0401700914205402 N_{t-122} + 0.00912078418293156 N_{t-124} + 0.0600927821972162 N_{t-130} + 0.0606125285994009 N_{t-131} + 0.0670781640968626 N_{t-132} + 0.0348945093476725 N_{t-133} + 0.0160628959528557 N_{t-134} + 0.000835350915208187 N_{t-135} + 0.034937838575007 N_{t-137} + 0.0527783120150123 N_{t-140} + 0.0178550593047612 N_{t-141} + 0.0274999713582588 N_{t-149} + 0.0471084656552962 N_{t-151} + 0.0407279273099321 N_{t-153} + 0.00932146375426585 N_{t-155} + 0.0145135480486505 N_{t-157} + 0.0442451774582003 N_{t-158} + 0.0238346000974917 N_{t-159} + 0.0408223713649573 N_{t-160} + 0.00801872118102614 N_{t-161} + 0.0172756478724938 N_{t-162} + 0.0545586614837677 N_{t-163} + 0.0510827095063862 N_{t-164} + 0.0547063539177928 N_{t-165} + 0.0822400728761695 N_{t-166} + 0.0613692272816438 N_{t-167} + 0.0772377218900559 N_{t-168} + 0.0721819812129766 N_{t-169} + 0.0649384637732231 N_{t-170} + 0.0253085422085692 N_{t-171} + 0.0460524562766291 N_{t-172} + 0.0464078501409601 N_{t-173} + 0.0647277182880781 N_{t-174} + 0.0247988585847342 N_{t-175} + 0.0988429149273981 N_{t-176} + 0.0459412579943839 N_{t-177} + 0.111933118835929 N_{t-178} + 0.0440814211836748 N_{t-179} + 0.0428092632233947 N_{t-180} + 0.0247339999797941 N_{t-181} + 0.0244894210413708 N_{t-182} + 0.0116290187220528 N_{t-183} + 0.0708129878940139 N_{t-184} + 0.0396284250249461 N_{t-185} + 0.0438766517697115 N_{t-186} + 0.0672468804008389 N_{t-187} + 0.00786546894883479 N_{t-189} + 0.0967515770720228 N_{t-190} + 0.0179034833621377 N_{t-191} + 0.294351309928399 N_{t-192} + 0.00617151828240743 N_{t-601} + 0.00227165412933408 N_{t-603} + 0.0310344041567449 N_{t-610} + 0.981753169971077 N_{t-96} + 0.13504190469274 N_{t-98} + 0.0946030704280093 N_{t-99} + 0.000457369527402346 V_{t-101} + 0.000149846603819741 V_{t-103} + 0.00015209633597447 V_{t-115} + 0.00324374604074882 V_{t-117} + 0.00415170889834708 V_{t-119} + 0.000384327704302859 V_{t-122} + 0.000291444010424651 V_{t-129} + 0.00354723745946126 V_{t-139} + 0.00178533353484352 V_{t-140} + 0.00174071799970327 V_{t-141} + 0.000936914864040851 V_{t-143} + 0.00173082132055048 V_{t-144} + 0.00379332575014635 V_{t-159} + 0.00257646219433444 V_{t-161} + 0.0111611569518078 V_{t-162} + 0.00324245602330452 V_{t-163} + 0.0018032543302862 V_{t-164} + 0.00146086479260959 V_{t-166} + 0.000934503140014462 V_{t-171} + 0.000274728644080716 V_{t-172} + 0.00884116168031593 V_{t-184} + 0.011248034234361 V_{t-185} + 0.000862663874878279 V_{t-187} + 0.001570720740078 V_{t-190} + 0.00264875093566474 V_{t-191} + 0.00536906538582017 V_{t-192} - 0.0531837675649738 V_{t-576} - 0.000660879535908127 V_{t-598} - 0.00098362566635315 V_{t-605} + 0.000633540541710341 V_{t-614} + 0.00581332812982223 V_{t-616} + 0.0015577418366384 V_{t-617} + 0.0176457171864212 V_{t-618} + 0.00314819615715921 V_{t-619} + 0.000824757671237912 V_{t-620} + 0.00279304675045574 V_{t-621} + 0.015414648658327 V_{t-622} + 0.00799026165976834 V_{t-623} + 0.00337780614057214 V_{t-624} + 0.00983740544435048 V_{t-625} + 0.0114364409427769 V_{t-626} + 0.00681596286792504 V_{t-627} + 0.0114148948480832 V_{t-628} + 0.0123012924926235 V_{t-629} + 0.0136947899878939 V_{t-630} + 0.012903719862988 V_{t-631} + 0.00816133769683245 V_{t-632} + 0.00879628943297431 V_{t-633} + 0.00727744438378858 V_{t-634} + 0.00330197406154781 V_{t-635} + 0.00831917471951545 V_{t-636} + 0.0115360737582422 V_{t-637} + 0.00688795934982406 V_{t-638} + 0.00436770493088013 V_{t-639} + 0.0105689286376247 V_{t-640} + 0.00374040770196019 V_{t-641} + 0.00589071859928557 V_{t-642} + 0.000680284814215255 V_{t-643} + 0.0063125244771847 V_{t-645} + 0.00699808104254223 V_{t-646} + 0.00371972869450169 V_{t-647} + 0.00984419591843483 V_{t-648} + 0.00113716847967438 V_{t-649} + 4.54637414725437 \cdot 10^{-5} V_{t-650} + 0.00862859193855122 V_{t-651} + 0.00473759924641418 V_{t-652} + 0.000693264257397778 V_{t-653} + 0.00540084778525032 V_{t-655} + 0.0038453849693447 V_{t-656} + 0.0145423028283463 V_{t-657} + 0.00412289952764482 V_{t-658} + 0.012118987634086 V_{t-659} + 0.0118905854990827 V_{t-660} + 0.00159614938449767 V_{t-661} + 0.00645338542731339 V_{t-662} + 0.0134708008829521 V_{t-663} + 0.0066113025033507 V_{t-664} + 0.00381769482561412 V_{t-665} + 0.000592475922762843 V_{t-666} + 0.010410175329201 V_{t-667} + 0.0104103993417978 V_{t-668} + 0.0081051704200519 V_{t-669} + 0.101755122167405 V_{t-671} + 0.0734171511978332 V_{t-96} + 155.25867827561
"1h_(5, 1)",0.9999999999999999,10.329252871544833,"[[5.91077826e+04 5.51241159e+04 5.14089349e+04 ... 6.79595865e+01
  6.33793378e+01 5.91077826e+01]
 [4.54675251e+04 4.24031660e+04 3.95453346e+04 ... 5.22766050e+01
  4.87533368e+01 4.54675251e+01]
 [3.69423641e+04 3.44525724e+04 3.21305843e+04 ... 4.24747416e+01
  3.96120861e+01 3.69423641e+01]
 ...
 [6.28806198e+03 5.86426764e+03 5.46903563e+03 ... 7.22974324e+00
  6.74248275e+00 6.28806198e+00]
 [6.09358583e+03 5.68289854e+03 5.29989020e+03 ... 7.00614294e+00
  6.53395235e+00 6.09358583e+00]
 [5.91077826e+03 5.51241159e+03 5.14089349e+03 ... 6.79595865e+00
  6.33793378e+00 5.91077826e+00]]",V_{t} = 2.01562940005284 N_{t-24} + 0.0439735165349395 N_{t-25} + 0.342972065432857 N_{t-26} + 0.294856013004058 N_{t-27} + 0.249014532905335 N_{t-28} + 0.07606675344935 N_{t-29} + 0.141876639619941 N_{t-30} + 0.15022994021135 N_{t-31} + 0.0387946727891529 N_{t-32} + 0.012869007147499 N_{t-33} + 0.00193323389822447 V_{t-103} + 0.0161825014689447 V_{t-117} + 0.00097814091512167 V_{t-118} + 0.00170838681184808 V_{t-119} - 0.000302928060453615 V_{t-144} + 0.791521726351004 V_{t-24} - 0.0128543327591091 V_{t-29} - 0.0187123286833068 V_{t-30} - 0.00164885975647176 V_{t-31} - 8.46680985350964 \cdot 10^{-7} V_{t-33} - 0.0117387407717312 V_{t-34} - 0.00396524976727086 V_{t-35} - 0.00895639766425989 V_{t-36} - 0.00693430859115558 V_{t-37} - 0.0040051597136241 V_{t-39} - 0.00136028920525647 V_{t-40} - 0.00185992446218807 V_{t-41} - 0.000281394879676411 V_{t-42} - 0.00930789872623689 V_{t-45} - 0.038503031719485 V_{t-576} + 0.000907462342640436 V_{t-584} + 0.00184861087494953 V_{t-585} + 0.0019306217359556 V_{t-587} + 0.000479668683191986 V_{t-588} + 0.00256130155778821 V_{t-59} + 0.00803177139658611 V_{t-593} + 0.00263800572765599 V_{t-594} + 0.00107105515631871 V_{t-60} + 0.00316067656651886 V_{t-616} + 0.000196439468190367 V_{t-617} + 0.0140119673954912 V_{t-618} + 0.0027172450020651 V_{t-619} + 0.000550919973453922 V_{t-620} + 0.00734423059948175 V_{t-621} + 0.0241401301205612 V_{t-622} + 0.00591927347652883 V_{t-623} + 0.00119501793138501 V_{t-624} + 0.010515213075388 V_{t-625} + 0.0127858129877246 V_{t-626} + 0.00287484523342998 V_{t-627} + 0.012650933833813 V_{t-628} + 0.0153156854869991 V_{t-629} + 0.0132151824952524 V_{t-630} + 0.0175483969938678 V_{t-631} + 0.00804575556106631 V_{t-632} + 0.0038561097077059 V_{t-633} + 0.00527495458296701 V_{t-634} + 0.00667136697355496 V_{t-636} + 0.00208158628077658 V_{t-637} - 0.00475554456401715 V_{t-650} - 0.00137378514700948 V_{t-653} + 0.00820922939699816 V_{t-663} + 0.00352217018724427 V_{t-664} + 0.0050587014759036 V_{t-665} + 0.000837775446705561 V_{t-666} + 0.0136975776316613 V_{t-667} + 0.0135365264364909 V_{t-668} + 0.00351061013040197 V_{t-669} + 0.00324011377550438 V_{t-671} + 0.00682749616792443 V_{t-673} + 0.0062645856789894 V_{t-674} - 0.00489538670340014 V_{t-69} - 0.0434870678175403 V_{t-695} - 4.00890025156075 \cdot 10^{-5} V_{t-70} - 0.00336255788990545 V_{t-74} - 0.00466500904345218 V_{t-76} - 0.00525442815204091 V_{t-77} - 0.00641568232022649 V_{t-79} - 0.00506813976206327 V_{t-84} - 0.00173407515799562 V_{t-87} + 36.1034624415209
"1h_(5, 2)",0.9999999999999999,9.83698835082836,"[[3.45395522e+04 3.22117020e+04 3.00407411e+04 ... 3.97120917e+01
  3.70356297e+01 3.45395522e+01]
 [2.65688863e+04 2.47782323e+04 2.31082624e+04 ... 3.05477629e+01
  2.84889459e+01 2.65688863e+01]
 [2.15872201e+04 2.01323137e+04 1.87754632e+04 ... 2.48200573e+01
  2.31472685e+01 2.15872201e+01]
 ...
 [3.67442045e+03 3.42677681e+03 3.19582352e+03 ... 4.22469061e+00
  3.93996060e+00 3.67442045e+00]
 [3.56077858e+03 3.32079402e+03 3.09698362e+03 ... 4.09403008e+00
  3.81810615e+00 3.56077858e+00]
 [3.45395522e+03 3.22117020e+03 3.00407411e+03 ... 3.97120917e+00
  3.70356297e+00 3.45395522e+00]]",V_{t} = 0.0379366955021868 N_{t-160} + 0.00728678747568829 N_{t-161} + 0.0162971238453383 N_{t-162} + 0.0282205673291699 N_{t-163} + 0.0629640048302026 N_{t-164} + 0.0664546583397211 N_{t-165} + 0.0859748439500333 N_{t-166} + 0.00918321698667147 N_{t-167} + 0.351527773776752 N_{t-168} + 1.89789127988933 N_{t-48} + 0.285570119870241 N_{t-50} + 0.139825744722601 N_{t-51} + 0.172670764877664 N_{t-52} + 0.0743669287714799 N_{t-53} + 0.143958425286052 N_{t-54} + 0.0782396673678959 N_{t-55} + 0.0844494698395737 N_{t-56} + 0.0791574339437414 N_{t-57} + 0.0205765557565312 N_{t-58} + 0.0402816940854347 N_{t-64} + 0.0257929148885983 N_{t-65} + 0.039595600190477 N_{t-66} + 0.0564908688680324 N_{t-67} + 0.0528281413072415 N_{t-68} + 0.040356880183965 N_{t-84} + 0.0259590742422478 N_{t-88} + 0.0667097800252014 N_{t-89} + 0.00632671149782733 N_{t-92} + 0.0433073936749463 N_{t-93} + 0.0288201389553868 N_{t-94} + 0.029552510611014 N_{t-95} + 0.00298720569077939 N_{t-96} + 0.0115477825748864 N_{t-97} + 0.00273272938456678 V_{t-117} + 0.00615790590565514 V_{t-119} + 0.00154152687849393 V_{t-120} + 0.00175887079008396 V_{t-121} + 0.00642244609090782 V_{t-122} + 0.00146725759418232 V_{t-124} + 0.00163263042696918 V_{t-127} + 0.000821489581991973 V_{t-128} + 0.00362627549493446 V_{t-139} + 0.00203767271224309 V_{t-140} + 0.00741217123065515 V_{t-141} + 8.27801071562482 \cdot 10^{-5} V_{t-142} + 0.00206975345918623 V_{t-161} + 0.00338005248346737 V_{t-162} + 0.449349898545185 V_{t-48} - 0.0073105142138981 V_{t-54} - 0.000759429771570173 V_{t-56} - 0.0571162194646868 V_{t-576} + 0.000373894468083837 V_{t-589} + 4.30933801941838 \cdot 10^{-5} V_{t-592} + 0.00266809257760842 V_{t-593} + 0.000108477559980457 V_{t-612} + 0.00612767295290768 V_{t-613} + 0.00571373414053758 V_{t-614} + 0.00217238228365449 V_{t-616} + 0.00696800444004 V_{t-617} + 0.0216597196748626 V_{t-618} + 0.00557110398091695 V_{t-619} + 0.000837921148410815 V_{t-620} + 0.00573665243350716 V_{t-621} + 0.0185190169570051 V_{t-622} + 0.00709900833023525 V_{t-623} + 0.00291301222407235 V_{t-624} + 0.00819455249324698 V_{t-625} + 0.0123857209464809 V_{t-626} + 0.00823739466221754 V_{t-627} + 0.0102238467031299 V_{t-628} + 0.0106898877639016 V_{t-629} + 0.0100889979663303 V_{t-630} + 0.0119705240146346 V_{t-631} + 0.00413763820447491 V_{t-632} + 0.00630758705712202 V_{t-633} + 0.00951547559017063 V_{t-634} + 0.0018726695804576 V_{t-635} + 0.0108333747382651 V_{t-636} + 0.0100115719898984 V_{t-637} + 0.00889248804041501 V_{t-638} + 0.00583259451642897 V_{t-639} + 0.00901195479941947 V_{t-640} + 0.000508643987834003 V_{t-641} + 0.00234618371937078 V_{t-642} + 0.00784014632349385 V_{t-645} + 0.0115882888904847 V_{t-646} + 0.00269452624506803 V_{t-647} + 0.00718701661852497 V_{t-648} + 0.000903798994196584 V_{t-649} + 0.00238209997312399 V_{t-650} + 0.00738132125907785 V_{t-651} + 0.00425462838948248 V_{t-652} + 0.00016201511789484 V_{t-653} + 0.00850203564391723 V_{t-655} + 0.00136117089952762 V_{t-656} + 0.011214573488609 V_{t-657} + 0.0032816743638768 V_{t-658} + 0.012003262334646 V_{t-659} + 0.00885064569056783 V_{t-660} + 0.00508312731652608 V_{t-662} + 0.0148829742228762 V_{t-663} + 0.00701342049156812 V_{t-664} + 0.00151722790851898 V_{t-665} + 0.00439530031481671 V_{t-667} + 0.0140511968873329 V_{t-668} + 0.00451562557726101 V_{t-669} + 0.000303389616264474 V_{t-671} + 0.000671937785360599 V_{t-672} + 0.00396836678511944 V_{t-673} - 0.00522056733075563 V_{t-68} + 0.00649823184624369 V_{t-681} + 0.00234691030834058 V_{t-682} + 0.00837372944384988 V_{t-683} + 0.00356451309646064 V_{t-684} + 0.00146750187366431 V_{t-688} + 0.00423813613785776 V_{t-689} - 0.0175711432669388 V_{t-69} - 0.038341824899558 V_{t-695} - 0.00691467748376901 V_{t-70} - 0.00289134531483763 V_{t-73} - 0.00447321023476618 V_{t-74} - 0.00453136602217465 V_{t-76} - 0.0022852346594125 V_{t-77} - 0.00461103706483788 V_{t-79} - 0.000917566268139182 V_{t-80} - 7.251777613445 \cdot 10^{-5} V_{t-92} - 0.016018233999682 V_{t-93} - 0.00202770875806278 V_{t-94} - 7.42921130951422 \cdot 10^{-5} V_{t-97} + 92.5260073915105
"1h_(5, 3)",0.9999999999999999,10.292898566784727,"[[3.14330250e+04 2.93145443e+04 2.73388421e+04 ... 3.61403404e+01
  3.37046024e+01 3.14330250e+01]
 [2.41792500e+04 2.25496495e+04 2.10298786e+04 ... 2.78002618e+01
  2.59266172e+01 2.41792500e+01]
 [1.96456406e+04 1.83215902e+04 1.70867763e+04 ... 2.25877127e+01
  2.10653765e+01 1.96456406e+01]
 ...
 [3.34393883e+03 3.11856854e+03 2.90838746e+03 ... 3.84471706e+00
  3.58559600e+00 3.34393883e+00]
 [3.24051804e+03 3.02211797e+03 2.81843733e+03 ... 3.72580829e+00
  3.47470128e+00 3.24051804e+00]
 [3.14330250e+03 2.93145443e+03 2.73388421e+03 ... 3.61403404e+00
  3.37046024e+00 3.14330250e+00]]",V_{t} = 0.0306295458956606 N_{t-101} + 0.00217999091612801 N_{t-103} + 0.00733241969200459 N_{t-104} + 0.0241172111086974 N_{t-131} + 0.03209613303835 N_{t-132} + 0.0148144871220821 N_{t-160} + 0.00278033018584946 N_{t-161} + 0.00457046891724786 N_{t-162} + 0.0598434130390482 N_{t-163} + 0.0347456083886713 N_{t-164} + 0.0304337583420258 N_{t-165} + 0.0694150529728219 N_{t-166} + 0.0386608021238935 N_{t-167} + 0.0540568441956732 N_{t-168} + 0.0575911581662632 N_{t-169} + 0.0354756236355813 N_{t-170} + 0.000972038880838553 N_{t-171} + 0.0447446143780702 N_{t-172} + 0.0192835703582808 N_{t-173} + 0.0631468867163301 N_{t-174} + 0.0253794360556323 N_{t-175} + 0.0675374906966808 N_{t-176} + 0.0475848756223701 N_{t-177} + 0.096499008098566 N_{t-178} + 0.0394516579816729 N_{t-179} + 0.0410301513415402 N_{t-180} + 0.0161934783995339 N_{t-181} + 0.0165619422895339 N_{t-182} + 0.00430524332054103 N_{t-183} + 0.0863040467095925 N_{t-184} + 0.021557715037983 N_{t-185} + 0.0233651314974527 N_{t-186} + 0.0386397184570151 N_{t-187} + 0.00933258440061358 N_{t-189} + 0.0814861861466913 N_{t-190} + 0.0200749645846573 N_{t-191} + 0.174906102921868 N_{t-192} + 1.40330357450716 N_{t-72} + 0.116490543360355 N_{t-74} + 0.0958069317569784 N_{t-75} + 0.0789596670209411 N_{t-76} + 0.0501261397350522 N_{t-78} + 0.0991293885141856 N_{t-79} + 0.009659939294586 N_{t-80} + 0.130050991681563 N_{t-81} + 0.074899153057363 N_{t-82} + 0.0408018696149568 N_{t-83} + 0.0795643626245107 N_{t-84} + 0.0170594374558518 N_{t-85} + 0.000590288861029881 N_{t-86} + 0.0941799430113796 N_{t-88} + 0.065794611299372 N_{t-89} + 0.0265559044196044 N_{t-90} + 0.0498070478102125 N_{t-92} + 0.0631837969094932 N_{t-93} + 0.0277399746991577 N_{t-94} + 0.0514491279912885 N_{t-95} + 0.0127216635385381 N_{t-97} + 0.0423377771105992 N_{t-98} + 0.0111864975247882 N_{t-99} + 0.000252257220816734 V_{t-117} + 0.00676760972234133 V_{t-119} + 0.00187901941142384 V_{t-120} + 0.000219664188871721 V_{t-139} + 0.00611505471631651 V_{t-140} + 0.00299188800240835 V_{t-141} + 0.000220185792848347 V_{t-143} + 0.00276636935021643 V_{t-144} + 0.00163768601620982 V_{t-145} + 0.000373203183278685 V_{t-149} + 0.00222936507822796 V_{t-159} + 0.00349266630500604 V_{t-161} + 0.0105633503243171 V_{t-162} + 0.000724451698389487 V_{t-163} + 0.00642734012684088 V_{t-185} + 1.66644699885296 \cdot 10^{-5} V_{t-192} - 0.0528669485540346 V_{t-576} - 0.00398800031657127 V_{t-598} + 0.00145681923407582 V_{t-614} + 0.00536817521733957 V_{t-616} + 0.00308758021657128 V_{t-617} + 0.0169627785074175 V_{t-618} + 0.00623542454157179 V_{t-619} + 0.000489625156092916 V_{t-620} + 0.00336436570611232 V_{t-621} + 0.0175406320364131 V_{t-622} + 0.005607190218901 V_{t-623} + 0.00430889970484929 V_{t-624} + 0.0113965978694617 V_{t-625} + 0.0115395340168726 V_{t-626} + 0.00786108702088801 V_{t-627} + 0.0125338694830361 V_{t-628} + 0.0152623983322965 V_{t-629} + 0.0119913831628829 V_{t-630} + 0.0113256907153883 V_{t-631} + 0.0101223218863612 V_{t-632} + 0.0087716159778793 V_{t-633} + 0.00652466547917416 V_{t-634} + 0.00330719139585498 V_{t-635} + 0.00943651663038303 V_{t-636} + 0.0104355837152824 V_{t-637} + 0.00778155791023425 V_{t-638} + 0.0053975431720594 V_{t-639} + 0.00846786406913149 V_{t-640} + 0.0052776781526642 V_{t-641} + 0.00826675671645252 V_{t-642} + 0.00117651503578636 V_{t-643} + 7.45773418370291 \cdot 10^{-5} V_{t-644} + 0.00795915126369197 V_{t-645} + 0.00775289672894694 V_{t-646} + 0.00354284670767524 V_{t-647} + 0.00996300376837885 V_{t-648} + 0.001286934295512 V_{t-650} + 0.00893727194355516 V_{t-651} + 0.000674832293998735 V_{t-652} + 0.00431954771339942 V_{t-655} + 0.000407944175161279 V_{t-656} + 0.013041633893756 V_{t-657} + 0.00661933492363881 V_{t-658} + 0.0134674491156898 V_{t-659} + 0.0124113812130722 V_{t-660} + 0.00153920893058891 V_{t-661} + 0.00754739352537124 V_{t-662} + 0.0142409285760271 V_{t-663} + 0.00808819295435381 V_{t-664} + 0.00372250946528865 V_{t-665} + 0.000421087931437212 V_{t-666} + 0.0101531619028715 V_{t-667} + 0.011295776679271 V_{t-668} + 0.0108833031179237 V_{t-669} + 0.00260086212873467 V_{t-670} + 0.0107718285430045 V_{t-671} + 0.000941361599300139 V_{t-672} + 0.00838020497885775 V_{t-673} + 0.00960678311317158 V_{t-674} + 0.00349075639440811 V_{t-675} + 0.00350316029782222 V_{t-677} + 0.00401312524740543 V_{t-678} + 0.00390609940740259 V_{t-679} + 0.00406076037211349 V_{t-680} + 0.0112241279536392 V_{t-681} + 0.00675722785365246 V_{t-682} + 0.00556290638716486 V_{t-683} + 0.00563947705221728 V_{t-684} + 0.00371673564158967 V_{t-685} + 0.00065244933014234 V_{t-686} + 0.00175056721369591 V_{t-688} - 0.0268155670701404 V_{t-695} + 0.222505872598932 V_{t-72} - 0.00268431029133059 V_{t-77} - 0.0104180307196153 V_{t-79} - 0.00155021546767394 V_{t-80} - 0.00377809891557004 V_{t-81} - 0.00124037295157257 V_{t-82} - 0.00365413527158769 V_{t-84} - 0.0175011107899472 V_{t-93} - 0.000459019619888974 V_{t-94} + 134.150551416816
"1h_(5, 4)",0.9999999999999999,8.952238262507029,"[[3.14330250e+04 2.93145443e+04 2.73388421e+04 ... 3.61403404e+01
  3.37046024e+01 3.14330250e+01]
 [2.41792500e+04 2.25496495e+04 2.10298786e+04 ... 2.78002618e+01
  2.59266172e+01 2.41792500e+01]
 [1.96456406e+04 1.83215902e+04 1.70867763e+04 ... 2.25877127e+01
  2.10653765e+01 1.96456406e+01]
 ...
 [3.34393883e+03 3.11856854e+03 2.90838746e+03 ... 3.84471706e+00
  3.58559600e+00 3.34393883e+00]
 [3.24051804e+03 3.02211797e+03 2.81843733e+03 ... 3.72580829e+00
  3.47470128e+00 3.24051804e+00]
 [3.14330250e+03 2.93145443e+03 2.73388421e+03 ... 3.61403404e+00
  3.37046024e+00 3.14330250e+00]]",V_{t} = 0.0529408292783484 N_{t-100} + 0.0867898770878714 N_{t-101} + 0.0421935692633608 N_{t-102} + 0.0609100172015154 N_{t-103} + 0.0370032278958072 N_{t-104} + 0.0573587885783133 N_{t-105} + 0.0660536027589969 N_{t-106} + 0.0157769295237147 N_{t-107} + 0.0010243929335124 N_{t-109} + 0.0012154386871832 N_{t-119} + 0.0100851497256127 N_{t-121} + 0.0215710299815628 N_{t-122} + 0.0415351316643475 N_{t-130} + 0.0636311267852398 N_{t-131} + 0.0590623461288121 N_{t-132} + 0.0340369534710131 N_{t-133} + 0.00381213871302892 N_{t-134} + 0.0227671300878218 N_{t-137} + 0.0326577979692627 N_{t-140} + 0.00487947033558621 N_{t-149} + 0.040804923732961 N_{t-151} + 0.0320963083925575 N_{t-153} + 0.00126640343573937 N_{t-155} + 0.00710428131675767 N_{t-157} + 0.0364786197874013 N_{t-158} + 0.0192577207019956 N_{t-159} + 0.0382785141425736 N_{t-160} + 0.00591579998472162 N_{t-161} + 0.00969145906335437 N_{t-162} + 0.0511728327105835 N_{t-163} + 0.0466470082093669 N_{t-164} + 0.0496461809105719 N_{t-165} + 0.0810033129295345 N_{t-166} + 0.0568466834318439 N_{t-167} + 0.073451101638619 N_{t-168} + 0.0696668737976147 N_{t-169} + 0.0570534965147381 N_{t-170} + 0.0209004738749311 N_{t-171} + 0.038215685186365 N_{t-172} + 0.0421058411114132 N_{t-173} + 0.0608022080321472 N_{t-174} + 0.0189035272751562 N_{t-175} + 0.092529797309968 N_{t-176} + 0.0402212325851909 N_{t-177} + 0.114271544661193 N_{t-178} + 0.0394403473909326 N_{t-179} + 0.0433556262948154 N_{t-180} + 0.0209072766024851 N_{t-181} + 0.0226641797873034 N_{t-182} + 0.00633603062280212 N_{t-183} + 0.0728700350866536 N_{t-184} + 0.0342748747813419 N_{t-185} + 0.0299550515890097 N_{t-186} + 0.066987704142204 N_{t-187} + 0.00401068185843464 N_{t-189} + 0.0886999510380746 N_{t-190} + 0.0484821046922799 N_{t-191} + 0.0493521334039885 N_{t-192} + 0.0322024248261995 N_{t-193} + 0.0496045526662618 N_{t-194} + 0.0176973702204965 N_{t-195} + 0.0785867124030287 N_{t-196} + 0.0330697207223227 N_{t-197} + 0.0686426359835321 N_{t-198} + 0.0410843651433893 N_{t-199} + 0.0353625617573443 N_{t-200} + 0.0307377156806748 N_{t-201} + 0.0306789856900832 N_{t-202} + 0.0408611857097987 N_{t-203} + 0.0428972798029987 N_{t-204} + 0.0416801574235743 N_{t-205} + 0.0213644094875379 N_{t-206} + 0.0466435439871292 N_{t-207} + 0.0292153397158795 N_{t-208} + 0.00409034245909783 N_{t-209} + 0.93590065446757 N_{t-96} + 0.127483805214526 N_{t-98} + 0.089559319042242 N_{t-99} + 0.000962348354922932 V_{t-117} + 0.00509467706831009 V_{t-119} + 0.00142260899600927 V_{t-122} + 0.00228683768162898 V_{t-139} + 0.00272016056363843 V_{t-140} + 0.00128427818978936 V_{t-141} + 0.00108122393924745 V_{t-143} + 0.00142630299019711 V_{t-144} + 0.00147295779090264 V_{t-159} + 0.00262072204701958 V_{t-161} + 0.0111939959192397 V_{t-162} + 0.00347634917129939 V_{t-163} + 0.00155305100905598 V_{t-164} + 0.000318005760084062 V_{t-165} + 0.000148909381453097 V_{t-166} + 0.00787349777034187 V_{t-184} + 0.000268262407640457 V_{t-185} + 0.00083428709521763 V_{t-211} + 0.00130231934764167 V_{t-212} + 0.0302173590892764 V_{t-216} - 0.0542555563870988 V_{t-576} + 0.00269190399085056 V_{t-614} + 0.0065788135173836 V_{t-616} + 0.0011911663270753 V_{t-617} + 0.0174039478288753 V_{t-618} + 0.00359394341725308 V_{t-619} + 6.4943077314142 \cdot 10^{-8} V_{t-620} + 0.00247150375533398 V_{t-621} + 0.0155923198797474 V_{t-622} + 0.00660672515396377 V_{t-623} + 0.00287955999681539 V_{t-624} + 0.00968319685223301 V_{t-625} + 0.0115422156398133 V_{t-626} + 0.0073297977753922 V_{t-627} + 0.0118211763209161 V_{t-628} + 0.0117146793452179 V_{t-629} + 0.0135447326516448 V_{t-630} + 0.0133451987562219 V_{t-631} + 0.0073510167864544 V_{t-632} + 0.00867986471729875 V_{t-633} + 0.00677900988405494 V_{t-634} + 0.00365366490344688 V_{t-635} + 0.00833715388781389 V_{t-636} + 0.0114961960990185 V_{t-637} + 0.00744865929687687 V_{t-638} + 0.00555954154511488 V_{t-639} + 0.0107833294742597 V_{t-640} + 0.00367550551212225 V_{t-641} + 0.00549634459955515 V_{t-642} + 0.00084826467479474 V_{t-643} + 0.00650179441069876 V_{t-645} + 0.00751341255185786 V_{t-646} + 0.00335515304865295 V_{t-647} + 0.0102452320714924 V_{t-648} + 0.0018556225853026 V_{t-649} + 0.00109049425340781 V_{t-650} + 0.00955210948372614 V_{t-651} + 0.00433612436213981 V_{t-652} + 0.00601966781656446 V_{t-655} + 0.00422774233323833 V_{t-656} + 0.0135274696468365 V_{t-657} + 0.00482457665039418 V_{t-658} + 0.0134812280930784 V_{t-659} + 0.0117024207164135 V_{t-660} + 0.00187398048105535 V_{t-661} + 0.00704071100474241 V_{t-662} + 0.0142570190078207 V_{t-663} + 0.00752315080040177 V_{t-664} + 0.00640608001654812 V_{t-665} + 0.00260538419285021 V_{t-666} + 0.0116513174043231 V_{t-667} + 0.0110029729622163 V_{t-668} + 0.00947154119651102 V_{t-669} + 0.000370739409121891 V_{t-670} + 0.0105828110465147 V_{t-671} + 0.00297490928413254 V_{t-672} + 0.0078839472763306 V_{t-673} + 0.00868170125872448 V_{t-674} + 0.00343501986524325 V_{t-675} + 0.00179047257882931 V_{t-677} + 0.00449924990494746 V_{t-678} + 0.00293169662951294 V_{t-679} + 0.00347809666323886 V_{t-680} + 0.0120597087841247 V_{t-681} + 0.00842090471654791 V_{t-682} + 0.00645559692645124 V_{t-683} + 0.00647427352702793 V_{t-684} + 0.00592065024406023 V_{t-685} + 0.000353993739931831 V_{t-686} + 0.00550998806458215 V_{t-688} + 0.00516532453566812 V_{t-689} + 0.0703770089137951 V_{t-96} + 151.179088484898
